<application>
  <component name="ProjectJdkTable">
    <jdk version="2">
      <name value="1.8" />
      <type value="JavaSDK" />
      <version value="java version &quot;1.8.0_332&quot;" />
      <homePath value="$USER_HOME$/.jdks/azul-1.8.0_332" />
      <roots>
        <annotationsPath>
          <root type="composite">
            <root url="jar://$APPLICATION_HOME_DIR$/plugins/java/lib/jdkAnnotations.jar!/" type="simple" />
          </root>
        </annotationsPath>
        <classPath>
          <root type="composite">
            <root url="jar://$USER_HOME$/.jdks/azul-1.8.0_332/jre/lib/cat.jar!/" type="simple" />
            <root url="jar://$USER_HOME$/.jdks/azul-1.8.0_332/jre/lib/charsets.jar!/" type="simple" />
            <root url="jar://$USER_HOME$/.jdks/azul-1.8.0_332/jre/lib/ext/access-bridge-64.jar!/" type="simple" />
            <root url="jar://$USER_HOME$/.jdks/azul-1.8.0_332/jre/lib/ext/cldrdata.jar!/" type="simple" />
            <root url="jar://$USER_HOME$/.jdks/azul-1.8.0_332/jre/lib/ext/crs-agent.jar!/" type="simple" />
            <root url="jar://$USER_HOME$/.jdks/azul-1.8.0_332/jre/lib/ext/dnsns.jar!/" type="simple" />
            <root url="jar://$USER_HOME$/.jdks/azul-1.8.0_332/jre/lib/ext/jaccess.jar!/" type="simple" />
            <root url="jar://$USER_HOME$/.jdks/azul-1.8.0_332/jre/lib/ext/legacy8ujsse.jar!/" type="simple" />
            <root url="jar://$USER_HOME$/.jdks/azul-1.8.0_332/jre/lib/ext/localedata.jar!/" type="simple" />
            <root url="jar://$USER_HOME$/.jdks/azul-1.8.0_332/jre/lib/ext/nashorn.jar!/" type="simple" />
            <root url="jar://$USER_HOME$/.jdks/azul-1.8.0_332/jre/lib/ext/openjsse.jar!/" type="simple" />
            <root url="jar://$USER_HOME$/.jdks/azul-1.8.0_332/jre/lib/ext/sunec.jar!/" type="simple" />
            <root url="jar://$USER_HOME$/.jdks/azul-1.8.0_332/jre/lib/ext/sunjce_provider.jar!/" type="simple" />
            <root url="jar://$USER_HOME$/.jdks/azul-1.8.0_332/jre/lib/ext/sunmscapi.jar!/" type="simple" />
            <root url="jar://$USER_HOME$/.jdks/azul-1.8.0_332/jre/lib/ext/sunpkcs11.jar!/" type="simple" />
            <root url="jar://$USER_HOME$/.jdks/azul-1.8.0_332/jre/lib/ext/zipfs.jar!/" type="simple" />
            <root url="jar://$USER_HOME$/.jdks/azul-1.8.0_332/jre/lib/jce.jar!/" type="simple" />
            <root url="jar://$USER_HOME$/.jdks/azul-1.8.0_332/jre/lib/jfr.jar!/" type="simple" />
            <root url="jar://$USER_HOME$/.jdks/azul-1.8.0_332/jre/lib/jsse.jar!/" type="simple" />
            <root url="jar://$USER_HOME$/.jdks/azul-1.8.0_332/jre/lib/management-agent.jar!/" type="simple" />
            <root url="jar://$USER_HOME$/.jdks/azul-1.8.0_332/jre/lib/resources.jar!/" type="simple" />
            <root url="jar://$USER_HOME$/.jdks/azul-1.8.0_332/jre/lib/rt.jar!/" type="simple" />
          </root>
        </classPath>
        <javadocPath>
          <root type="composite" />
        </javadocPath>
        <sourcePath>
          <root type="composite">
            <root url="jar://$USER_HOME$/.jdks/azul-1.8.0_332/src.zip!/" type="simple" />
          </root>
        </sourcePath>
      </roots>
      <additional />
    </jdk>
    <jdk version="2">
      <name value="11" />
      <type value="JavaSDK" />
      <version value="java version &quot;11.0.15&quot;" />
      <homePath value="C:/Program Files/Amazon Corretto/jdk11.0.15_9" />
      <roots>
        <annotationsPath>
          <root type="composite">
            <root url="jar://$APPLICATION_HOME_DIR$/plugins/java/lib/jdkAnnotations.jar!/" type="simple" />
          </root>
        </annotationsPath>
        <classPath>
          <root type="composite">
            <root url="jrt://C:/Program Files/Amazon Corretto/jdk11.0.15_9!/java.base" type="simple" />
            <root url="jrt://C:/Program Files/Amazon Corretto/jdk11.0.15_9!/java.compiler" type="simple" />
            <root url="jrt://C:/Program Files/Amazon Corretto/jdk11.0.15_9!/java.datatransfer" type="simple" />
            <root url="jrt://C:/Program Files/Amazon Corretto/jdk11.0.15_9!/java.desktop" type="simple" />
            <root url="jrt://C:/Program Files/Amazon Corretto/jdk11.0.15_9!/java.instrument" type="simple" />
            <root url="jrt://C:/Program Files/Amazon Corretto/jdk11.0.15_9!/java.logging" type="simple" />
            <root url="jrt://C:/Program Files/Amazon Corretto/jdk11.0.15_9!/java.management" type="simple" />
            <root url="jrt://C:/Program Files/Amazon Corretto/jdk11.0.15_9!/java.management.rmi" type="simple" />
            <root url="jrt://C:/Program Files/Amazon Corretto/jdk11.0.15_9!/java.naming" type="simple" />
            <root url="jrt://C:/Program Files/Amazon Corretto/jdk11.0.15_9!/java.net.http" type="simple" />
            <root url="jrt://C:/Program Files/Amazon Corretto/jdk11.0.15_9!/java.prefs" type="simple" />
            <root url="jrt://C:/Program Files/Amazon Corretto/jdk11.0.15_9!/java.rmi" type="simple" />
            <root url="jrt://C:/Program Files/Amazon Corretto/jdk11.0.15_9!/java.scripting" type="simple" />
            <root url="jrt://C:/Program Files/Amazon Corretto/jdk11.0.15_9!/java.se" type="simple" />
            <root url="jrt://C:/Program Files/Amazon Corretto/jdk11.0.15_9!/java.security.jgss" type="simple" />
            <root url="jrt://C:/Program Files/Amazon Corretto/jdk11.0.15_9!/java.security.sasl" type="simple" />
            <root url="jrt://C:/Program Files/Amazon Corretto/jdk11.0.15_9!/java.smartcardio" type="simple" />
            <root url="jrt://C:/Program Files/Amazon Corretto/jdk11.0.15_9!/java.sql" type="simple" />
            <root url="jrt://C:/Program Files/Amazon Corretto/jdk11.0.15_9!/java.sql.rowset" type="simple" />
            <root url="jrt://C:/Program Files/Amazon Corretto/jdk11.0.15_9!/java.transaction.xa" type="simple" />
            <root url="jrt://C:/Program Files/Amazon Corretto/jdk11.0.15_9!/java.xml" type="simple" />
            <root url="jrt://C:/Program Files/Amazon Corretto/jdk11.0.15_9!/java.xml.crypto" type="simple" />
            <root url="jrt://C:/Program Files/Amazon Corretto/jdk11.0.15_9!/jdk.accessibility" type="simple" />
            <root url="jrt://C:/Program Files/Amazon Corretto/jdk11.0.15_9!/jdk.aot" type="simple" />
            <root url="jrt://C:/Program Files/Amazon Corretto/jdk11.0.15_9!/jdk.attach" type="simple" />
            <root url="jrt://C:/Program Files/Amazon Corretto/jdk11.0.15_9!/jdk.charsets" type="simple" />
            <root url="jrt://C:/Program Files/Amazon Corretto/jdk11.0.15_9!/jdk.compiler" type="simple" />
            <root url="jrt://C:/Program Files/Amazon Corretto/jdk11.0.15_9!/jdk.crypto.cryptoki" type="simple" />
            <root url="jrt://C:/Program Files/Amazon Corretto/jdk11.0.15_9!/jdk.crypto.ec" type="simple" />
            <root url="jrt://C:/Program Files/Amazon Corretto/jdk11.0.15_9!/jdk.crypto.mscapi" type="simple" />
            <root url="jrt://C:/Program Files/Amazon Corretto/jdk11.0.15_9!/jdk.dynalink" type="simple" />
            <root url="jrt://C:/Program Files/Amazon Corretto/jdk11.0.15_9!/jdk.editpad" type="simple" />
            <root url="jrt://C:/Program Files/Amazon Corretto/jdk11.0.15_9!/jdk.hotspot.agent" type="simple" />
            <root url="jrt://C:/Program Files/Amazon Corretto/jdk11.0.15_9!/jdk.httpserver" type="simple" />
            <root url="jrt://C:/Program Files/Amazon Corretto/jdk11.0.15_9!/jdk.internal.ed" type="simple" />
            <root url="jrt://C:/Program Files/Amazon Corretto/jdk11.0.15_9!/jdk.internal.jvmstat" type="simple" />
            <root url="jrt://C:/Program Files/Amazon Corretto/jdk11.0.15_9!/jdk.internal.le" type="simple" />
            <root url="jrt://C:/Program Files/Amazon Corretto/jdk11.0.15_9!/jdk.internal.opt" type="simple" />
            <root url="jrt://C:/Program Files/Amazon Corretto/jdk11.0.15_9!/jdk.internal.vm.ci" type="simple" />
            <root url="jrt://C:/Program Files/Amazon Corretto/jdk11.0.15_9!/jdk.internal.vm.compiler" type="simple" />
            <root url="jrt://C:/Program Files/Amazon Corretto/jdk11.0.15_9!/jdk.internal.vm.compiler.management" type="simple" />
            <root url="jrt://C:/Program Files/Amazon Corretto/jdk11.0.15_9!/jdk.jartool" type="simple" />
            <root url="jrt://C:/Program Files/Amazon Corretto/jdk11.0.15_9!/jdk.javadoc" type="simple" />
            <root url="jrt://C:/Program Files/Amazon Corretto/jdk11.0.15_9!/jdk.jcmd" type="simple" />
            <root url="jrt://C:/Program Files/Amazon Corretto/jdk11.0.15_9!/jdk.jconsole" type="simple" />
            <root url="jrt://C:/Program Files/Amazon Corretto/jdk11.0.15_9!/jdk.jdeps" type="simple" />
            <root url="jrt://C:/Program Files/Amazon Corretto/jdk11.0.15_9!/jdk.jdi" type="simple" />
            <root url="jrt://C:/Program Files/Amazon Corretto/jdk11.0.15_9!/jdk.jdwp.agent" type="simple" />
            <root url="jrt://C:/Program Files/Amazon Corretto/jdk11.0.15_9!/jdk.jfr" type="simple" />
            <root url="jrt://C:/Program Files/Amazon Corretto/jdk11.0.15_9!/jdk.jlink" type="simple" />
            <root url="jrt://C:/Program Files/Amazon Corretto/jdk11.0.15_9!/jdk.jshell" type="simple" />
            <root url="jrt://C:/Program Files/Amazon Corretto/jdk11.0.15_9!/jdk.jsobject" type="simple" />
            <root url="jrt://C:/Program Files/Amazon Corretto/jdk11.0.15_9!/jdk.jstatd" type="simple" />
            <root url="jrt://C:/Program Files/Amazon Corretto/jdk11.0.15_9!/jdk.localedata" type="simple" />
            <root url="jrt://C:/Program Files/Amazon Corretto/jdk11.0.15_9!/jdk.management" type="simple" />
            <root url="jrt://C:/Program Files/Amazon Corretto/jdk11.0.15_9!/jdk.management.agent" type="simple" />
            <root url="jrt://C:/Program Files/Amazon Corretto/jdk11.0.15_9!/jdk.management.jfr" type="simple" />
            <root url="jrt://C:/Program Files/Amazon Corretto/jdk11.0.15_9!/jdk.naming.dns" type="simple" />
            <root url="jrt://C:/Program Files/Amazon Corretto/jdk11.0.15_9!/jdk.naming.ldap" type="simple" />
            <root url="jrt://C:/Program Files/Amazon Corretto/jdk11.0.15_9!/jdk.naming.rmi" type="simple" />
            <root url="jrt://C:/Program Files/Amazon Corretto/jdk11.0.15_9!/jdk.net" type="simple" />
            <root url="jrt://C:/Program Files/Amazon Corretto/jdk11.0.15_9!/jdk.pack" type="simple" />
            <root url="jrt://C:/Program Files/Amazon Corretto/jdk11.0.15_9!/jdk.rmic" type="simple" />
            <root url="jrt://C:/Program Files/Amazon Corretto/jdk11.0.15_9!/jdk.scripting.nashorn" type="simple" />
            <root url="jrt://C:/Program Files/Amazon Corretto/jdk11.0.15_9!/jdk.scripting.nashorn.shell" type="simple" />
            <root url="jrt://C:/Program Files/Amazon Corretto/jdk11.0.15_9!/jdk.sctp" type="simple" />
            <root url="jrt://C:/Program Files/Amazon Corretto/jdk11.0.15_9!/jdk.security.auth" type="simple" />
            <root url="jrt://C:/Program Files/Amazon Corretto/jdk11.0.15_9!/jdk.security.jgss" type="simple" />
            <root url="jrt://C:/Program Files/Amazon Corretto/jdk11.0.15_9!/jdk.unsupported" type="simple" />
            <root url="jrt://C:/Program Files/Amazon Corretto/jdk11.0.15_9!/jdk.unsupported.desktop" type="simple" />
            <root url="jrt://C:/Program Files/Amazon Corretto/jdk11.0.15_9!/jdk.xml.dom" type="simple" />
            <root url="jrt://C:/Program Files/Amazon Corretto/jdk11.0.15_9!/jdk.zipfs" type="simple" />
          </root>
        </classPath>
        <javadocPath>
          <root type="composite" />
        </javadocPath>
        <sourcePath>
          <root type="composite">
            <root url="jar://C:/Program Files/Amazon Corretto/jdk11.0.15_9/lib/src.zip!/java.se" type="simple" />
            <root url="jar://C:/Program Files/Amazon Corretto/jdk11.0.15_9/lib/src.zip!/jdk.aot" type="simple" />
            <root url="jar://C:/Program Files/Amazon Corretto/jdk11.0.15_9/lib/src.zip!/jdk.jdi" type="simple" />
            <root url="jar://C:/Program Files/Amazon Corretto/jdk11.0.15_9/lib/src.zip!/jdk.jfr" type="simple" />
            <root url="jar://C:/Program Files/Amazon Corretto/jdk11.0.15_9/lib/src.zip!/jdk.net" type="simple" />
            <root url="jar://C:/Program Files/Amazon Corretto/jdk11.0.15_9/lib/src.zip!/java.rmi" type="simple" />
            <root url="jar://C:/Program Files/Amazon Corretto/jdk11.0.15_9/lib/src.zip!/java.sql" type="simple" />
            <root url="jar://C:/Program Files/Amazon Corretto/jdk11.0.15_9/lib/src.zip!/java.xml" type="simple" />
            <root url="jar://C:/Program Files/Amazon Corretto/jdk11.0.15_9/lib/src.zip!/jdk.jcmd" type="simple" />
            <root url="jar://C:/Program Files/Amazon Corretto/jdk11.0.15_9/lib/src.zip!/jdk.pack" type="simple" />
            <root url="jar://C:/Program Files/Amazon Corretto/jdk11.0.15_9/lib/src.zip!/jdk.rmic" type="simple" />
            <root url="jar://C:/Program Files/Amazon Corretto/jdk11.0.15_9/lib/src.zip!/jdk.sctp" type="simple" />
            <root url="jar://C:/Program Files/Amazon Corretto/jdk11.0.15_9/lib/src.zip!/java.base" type="simple" />
            <root url="jar://C:/Program Files/Amazon Corretto/jdk11.0.15_9/lib/src.zip!/jdk.jdeps" type="simple" />
            <root url="jar://C:/Program Files/Amazon Corretto/jdk11.0.15_9/lib/src.zip!/jdk.jlink" type="simple" />
            <root url="jar://C:/Program Files/Amazon Corretto/jdk11.0.15_9/lib/src.zip!/jdk.zipfs" type="simple" />
            <root url="jar://C:/Program Files/Amazon Corretto/jdk11.0.15_9/lib/src.zip!/java.prefs" type="simple" />
            <root url="jar://C:/Program Files/Amazon Corretto/jdk11.0.15_9/lib/src.zip!/jdk.attach" type="simple" />
            <root url="jar://C:/Program Files/Amazon Corretto/jdk11.0.15_9/lib/src.zip!/jdk.jshell" type="simple" />
            <root url="jar://C:/Program Files/Amazon Corretto/jdk11.0.15_9/lib/src.zip!/jdk.jstatd" type="simple" />
            <root url="jar://C:/Program Files/Amazon Corretto/jdk11.0.15_9/lib/src.zip!/java.naming" type="simple" />
            <root url="jar://C:/Program Files/Amazon Corretto/jdk11.0.15_9/lib/src.zip!/jdk.editpad" type="simple" />
            <root url="jar://C:/Program Files/Amazon Corretto/jdk11.0.15_9/lib/src.zip!/jdk.jartool" type="simple" />
            <root url="jar://C:/Program Files/Amazon Corretto/jdk11.0.15_9/lib/src.zip!/jdk.javadoc" type="simple" />
            <root url="jar://C:/Program Files/Amazon Corretto/jdk11.0.15_9/lib/src.zip!/jdk.xml.dom" type="simple" />
            <root url="jar://C:/Program Files/Amazon Corretto/jdk11.0.15_9/lib/src.zip!/java.desktop" type="simple" />
            <root url="jar://C:/Program Files/Amazon Corretto/jdk11.0.15_9/lib/src.zip!/java.logging" type="simple" />
            <root url="jar://C:/Program Files/Amazon Corretto/jdk11.0.15_9/lib/src.zip!/jdk.charsets" type="simple" />
            <root url="jar://C:/Program Files/Amazon Corretto/jdk11.0.15_9/lib/src.zip!/jdk.compiler" type="simple" />
            <root url="jar://C:/Program Files/Amazon Corretto/jdk11.0.15_9/lib/src.zip!/jdk.dynalink" type="simple" />
            <root url="jar://C:/Program Files/Amazon Corretto/jdk11.0.15_9/lib/src.zip!/jdk.jconsole" type="simple" />
            <root url="jar://C:/Program Files/Amazon Corretto/jdk11.0.15_9/lib/src.zip!/jdk.jsobject" type="simple" />
            <root url="jar://C:/Program Files/Amazon Corretto/jdk11.0.15_9/lib/src.zip!/java.compiler" type="simple" />
            <root url="jar://C:/Program Files/Amazon Corretto/jdk11.0.15_9/lib/src.zip!/java.net.http" type="simple" />
            <root url="jar://C:/Program Files/Amazon Corretto/jdk11.0.15_9/lib/src.zip!/jdk.crypto.ec" type="simple" />
            <root url="jar://C:/Program Files/Amazon Corretto/jdk11.0.15_9/lib/src.zip!/java.scripting" type="simple" />
            <root url="jar://C:/Program Files/Amazon Corretto/jdk11.0.15_9/lib/src.zip!/jdk.httpserver" type="simple" />
            <root url="jar://C:/Program Files/Amazon Corretto/jdk11.0.15_9/lib/src.zip!/jdk.jdwp.agent" type="simple" />
            <root url="jar://C:/Program Files/Amazon Corretto/jdk11.0.15_9/lib/src.zip!/jdk.localedata" type="simple" />
            <root url="jar://C:/Program Files/Amazon Corretto/jdk11.0.15_9/lib/src.zip!/jdk.management" type="simple" />
            <root url="jar://C:/Program Files/Amazon Corretto/jdk11.0.15_9/lib/src.zip!/jdk.naming.dns" type="simple" />
            <root url="jar://C:/Program Files/Amazon Corretto/jdk11.0.15_9/lib/src.zip!/jdk.naming.rmi" type="simple" />
            <root url="jar://C:/Program Files/Amazon Corretto/jdk11.0.15_9/lib/src.zip!/java.instrument" type="simple" />
            <root url="jar://C:/Program Files/Amazon Corretto/jdk11.0.15_9/lib/src.zip!/java.management" type="simple" />
            <root url="jar://C:/Program Files/Amazon Corretto/jdk11.0.15_9/lib/src.zip!/java.sql.rowset" type="simple" />
            <root url="jar://C:/Program Files/Amazon Corretto/jdk11.0.15_9/lib/src.zip!/java.xml.crypto" type="simple" />
            <root url="jar://C:/Program Files/Amazon Corretto/jdk11.0.15_9/lib/src.zip!/jdk.internal.ed" type="simple" />
            <root url="jar://C:/Program Files/Amazon Corretto/jdk11.0.15_9/lib/src.zip!/jdk.internal.le" type="simple" />
            <root url="jar://C:/Program Files/Amazon Corretto/jdk11.0.15_9/lib/src.zip!/jdk.naming.ldap" type="simple" />
            <root url="jar://C:/Program Files/Amazon Corretto/jdk11.0.15_9/lib/src.zip!/jdk.unsupported" type="simple" />
            <root url="jar://C:/Program Files/Amazon Corretto/jdk11.0.15_9/lib/src.zip!/java.smartcardio" type="simple" />
            <root url="jar://C:/Program Files/Amazon Corretto/jdk11.0.15_9/lib/src.zip!/jdk.internal.opt" type="simple" />
            <root url="jar://C:/Program Files/Amazon Corretto/jdk11.0.15_9/lib/src.zip!/java.datatransfer" type="simple" />
            <root url="jar://C:/Program Files/Amazon Corretto/jdk11.0.15_9/lib/src.zip!/jdk.accessibility" type="simple" />
            <root url="jar://C:/Program Files/Amazon Corretto/jdk11.0.15_9/lib/src.zip!/jdk.crypto.mscapi" type="simple" />
            <root url="jar://C:/Program Files/Amazon Corretto/jdk11.0.15_9/lib/src.zip!/jdk.hotspot.agent" type="simple" />
            <root url="jar://C:/Program Files/Amazon Corretto/jdk11.0.15_9/lib/src.zip!/jdk.security.auth" type="simple" />
            <root url="jar://C:/Program Files/Amazon Corretto/jdk11.0.15_9/lib/src.zip!/jdk.security.jgss" type="simple" />
            <root url="jar://C:/Program Files/Amazon Corretto/jdk11.0.15_9/lib/src.zip!/java.security.jgss" type="simple" />
            <root url="jar://C:/Program Files/Amazon Corretto/jdk11.0.15_9/lib/src.zip!/java.security.sasl" type="simple" />
            <root url="jar://C:/Program Files/Amazon Corretto/jdk11.0.15_9/lib/src.zip!/jdk.internal.vm.ci" type="simple" />
            <root url="jar://C:/Program Files/Amazon Corretto/jdk11.0.15_9/lib/src.zip!/jdk.management.jfr" type="simple" />
            <root url="jar://C:/Program Files/Amazon Corretto/jdk11.0.15_9/lib/src.zip!/java.management.rmi" type="simple" />
            <root url="jar://C:/Program Files/Amazon Corretto/jdk11.0.15_9/lib/src.zip!/java.transaction.xa" type="simple" />
            <root url="jar://C:/Program Files/Amazon Corretto/jdk11.0.15_9/lib/src.zip!/jdk.crypto.cryptoki" type="simple" />
            <root url="jar://C:/Program Files/Amazon Corretto/jdk11.0.15_9/lib/src.zip!/jdk.internal.jvmstat" type="simple" />
            <root url="jar://C:/Program Files/Amazon Corretto/jdk11.0.15_9/lib/src.zip!/jdk.management.agent" type="simple" />
            <root url="jar://C:/Program Files/Amazon Corretto/jdk11.0.15_9/lib/src.zip!/jdk.scripting.nashorn" type="simple" />
            <root url="jar://C:/Program Files/Amazon Corretto/jdk11.0.15_9/lib/src.zip!/jdk.unsupported.desktop" type="simple" />
            <root url="jar://C:/Program Files/Amazon Corretto/jdk11.0.15_9/lib/src.zip!/jdk.internal.vm.compiler" type="simple" />
            <root url="jar://C:/Program Files/Amazon Corretto/jdk11.0.15_9/lib/src.zip!/jdk.scripting.nashorn.shell" type="simple" />
            <root url="jar://C:/Program Files/Amazon Corretto/jdk11.0.15_9/lib/src.zip!/jdk.internal.vm.compiler.management" type="simple" />
          </root>
        </sourcePath>
      </roots>
      <additional />
    </jdk>
    <jdk version="2">
      <name value="1.8 (1)" />
      <type value="JavaSDK" />
      <version value="java version &quot;1.8.0_332&quot;" />
      <homePath value="$USER_HOME$/.jdks/azul-1.8.0_332" />
      <roots>
        <annotationsPath>
          <root type="composite">
            <root url="jar://$APPLICATION_HOME_DIR$/plugins/java/lib/jdkAnnotations.jar!/" type="simple" />
          </root>
        </annotationsPath>
        <classPath>
          <root type="composite">
            <root url="jar://$USER_HOME$/.jdks/azul-1.8.0_332/jre/lib/cat.jar!/" type="simple" />
            <root url="jar://$USER_HOME$/.jdks/azul-1.8.0_332/jre/lib/charsets.jar!/" type="simple" />
            <root url="jar://$USER_HOME$/.jdks/azul-1.8.0_332/jre/lib/ext/access-bridge-64.jar!/" type="simple" />
            <root url="jar://$USER_HOME$/.jdks/azul-1.8.0_332/jre/lib/ext/cldrdata.jar!/" type="simple" />
            <root url="jar://$USER_HOME$/.jdks/azul-1.8.0_332/jre/lib/ext/crs-agent.jar!/" type="simple" />
            <root url="jar://$USER_HOME$/.jdks/azul-1.8.0_332/jre/lib/ext/dnsns.jar!/" type="simple" />
            <root url="jar://$USER_HOME$/.jdks/azul-1.8.0_332/jre/lib/ext/jaccess.jar!/" type="simple" />
            <root url="jar://$USER_HOME$/.jdks/azul-1.8.0_332/jre/lib/ext/legacy8ujsse.jar!/" type="simple" />
            <root url="jar://$USER_HOME$/.jdks/azul-1.8.0_332/jre/lib/ext/localedata.jar!/" type="simple" />
            <root url="jar://$USER_HOME$/.jdks/azul-1.8.0_332/jre/lib/ext/nashorn.jar!/" type="simple" />
            <root url="jar://$USER_HOME$/.jdks/azul-1.8.0_332/jre/lib/ext/openjsse.jar!/" type="simple" />
            <root url="jar://$USER_HOME$/.jdks/azul-1.8.0_332/jre/lib/ext/sunec.jar!/" type="simple" />
            <root url="jar://$USER_HOME$/.jdks/azul-1.8.0_332/jre/lib/ext/sunjce_provider.jar!/" type="simple" />
            <root url="jar://$USER_HOME$/.jdks/azul-1.8.0_332/jre/lib/ext/sunmscapi.jar!/" type="simple" />
            <root url="jar://$USER_HOME$/.jdks/azul-1.8.0_332/jre/lib/ext/sunpkcs11.jar!/" type="simple" />
            <root url="jar://$USER_HOME$/.jdks/azul-1.8.0_332/jre/lib/ext/zipfs.jar!/" type="simple" />
            <root url="jar://$USER_HOME$/.jdks/azul-1.8.0_332/jre/lib/jce.jar!/" type="simple" />
            <root url="jar://$USER_HOME$/.jdks/azul-1.8.0_332/jre/lib/jfr.jar!/" type="simple" />
            <root url="jar://$USER_HOME$/.jdks/azul-1.8.0_332/jre/lib/jsse.jar!/" type="simple" />
            <root url="jar://$USER_HOME$/.jdks/azul-1.8.0_332/jre/lib/management-agent.jar!/" type="simple" />
            <root url="jar://$USER_HOME$/.jdks/azul-1.8.0_332/jre/lib/resources.jar!/" type="simple" />
            <root url="jar://$USER_HOME$/.jdks/azul-1.8.0_332/jre/lib/rt.jar!/" type="simple" />
          </root>
        </classPath>
        <javadocPath>
          <root type="composite" />
        </javadocPath>
        <sourcePath>
          <root type="composite">
            <root url="jar://$USER_HOME$/.jdks/azul-1.8.0_332/src.zip!/" type="simple" />
          </root>
        </sourcePath>
      </roots>
      <additional />
    </jdk>
    <jdk version="2">
      <name value="openjdk-18" />
      <type value="JavaSDK" />
      <version value="version 18.0.1" />
      <homePath value="$USER_HOME$/.jdks/openjdk-18.0.1.1" />
      <roots>
        <annotationsPath>
          <root type="composite">
            <root url="jar://$APPLICATION_HOME_DIR$/plugins/java/lib/jdkAnnotations.jar!/" type="simple" />
          </root>
        </annotationsPath>
        <classPath>
          <root type="composite">
            <root url="jrt://C:/Users/d1/.jdks/openjdk-18.0.1.1!/java.base" type="simple" />
            <root url="jrt://C:/Users/d1/.jdks/openjdk-18.0.1.1!/java.compiler" type="simple" />
            <root url="jrt://C:/Users/d1/.jdks/openjdk-18.0.1.1!/java.datatransfer" type="simple" />
            <root url="jrt://C:/Users/d1/.jdks/openjdk-18.0.1.1!/java.desktop" type="simple" />
            <root url="jrt://C:/Users/d1/.jdks/openjdk-18.0.1.1!/java.instrument" type="simple" />
            <root url="jrt://C:/Users/d1/.jdks/openjdk-18.0.1.1!/java.logging" type="simple" />
            <root url="jrt://C:/Users/d1/.jdks/openjdk-18.0.1.1!/java.management" type="simple" />
            <root url="jrt://C:/Users/d1/.jdks/openjdk-18.0.1.1!/java.management.rmi" type="simple" />
            <root url="jrt://C:/Users/d1/.jdks/openjdk-18.0.1.1!/java.naming" type="simple" />
            <root url="jrt://C:/Users/d1/.jdks/openjdk-18.0.1.1!/java.net.http" type="simple" />
            <root url="jrt://C:/Users/d1/.jdks/openjdk-18.0.1.1!/java.prefs" type="simple" />
            <root url="jrt://C:/Users/d1/.jdks/openjdk-18.0.1.1!/java.rmi" type="simple" />
            <root url="jrt://C:/Users/d1/.jdks/openjdk-18.0.1.1!/java.scripting" type="simple" />
            <root url="jrt://C:/Users/d1/.jdks/openjdk-18.0.1.1!/java.se" type="simple" />
            <root url="jrt://C:/Users/d1/.jdks/openjdk-18.0.1.1!/java.security.jgss" type="simple" />
            <root url="jrt://C:/Users/d1/.jdks/openjdk-18.0.1.1!/java.security.sasl" type="simple" />
            <root url="jrt://C:/Users/d1/.jdks/openjdk-18.0.1.1!/java.smartcardio" type="simple" />
            <root url="jrt://C:/Users/d1/.jdks/openjdk-18.0.1.1!/java.sql" type="simple" />
            <root url="jrt://C:/Users/d1/.jdks/openjdk-18.0.1.1!/java.sql.rowset" type="simple" />
            <root url="jrt://C:/Users/d1/.jdks/openjdk-18.0.1.1!/java.transaction.xa" type="simple" />
            <root url="jrt://C:/Users/d1/.jdks/openjdk-18.0.1.1!/java.xml" type="simple" />
            <root url="jrt://C:/Users/d1/.jdks/openjdk-18.0.1.1!/java.xml.crypto" type="simple" />
            <root url="jrt://C:/Users/d1/.jdks/openjdk-18.0.1.1!/jdk.accessibility" type="simple" />
            <root url="jrt://C:/Users/d1/.jdks/openjdk-18.0.1.1!/jdk.attach" type="simple" />
            <root url="jrt://C:/Users/d1/.jdks/openjdk-18.0.1.1!/jdk.charsets" type="simple" />
            <root url="jrt://C:/Users/d1/.jdks/openjdk-18.0.1.1!/jdk.compiler" type="simple" />
            <root url="jrt://C:/Users/d1/.jdks/openjdk-18.0.1.1!/jdk.crypto.cryptoki" type="simple" />
            <root url="jrt://C:/Users/d1/.jdks/openjdk-18.0.1.1!/jdk.crypto.ec" type="simple" />
            <root url="jrt://C:/Users/d1/.jdks/openjdk-18.0.1.1!/jdk.crypto.mscapi" type="simple" />
            <root url="jrt://C:/Users/d1/.jdks/openjdk-18.0.1.1!/jdk.dynalink" type="simple" />
            <root url="jrt://C:/Users/d1/.jdks/openjdk-18.0.1.1!/jdk.editpad" type="simple" />
            <root url="jrt://C:/Users/d1/.jdks/openjdk-18.0.1.1!/jdk.hotspot.agent" type="simple" />
            <root url="jrt://C:/Users/d1/.jdks/openjdk-18.0.1.1!/jdk.httpserver" type="simple" />
            <root url="jrt://C:/Users/d1/.jdks/openjdk-18.0.1.1!/jdk.incubator.foreign" type="simple" />
            <root url="jrt://C:/Users/d1/.jdks/openjdk-18.0.1.1!/jdk.incubator.vector" type="simple" />
            <root url="jrt://C:/Users/d1/.jdks/openjdk-18.0.1.1!/jdk.internal.ed" type="simple" />
            <root url="jrt://C:/Users/d1/.jdks/openjdk-18.0.1.1!/jdk.internal.jvmstat" type="simple" />
            <root url="jrt://C:/Users/d1/.jdks/openjdk-18.0.1.1!/jdk.internal.le" type="simple" />
            <root url="jrt://C:/Users/d1/.jdks/openjdk-18.0.1.1!/jdk.internal.opt" type="simple" />
            <root url="jrt://C:/Users/d1/.jdks/openjdk-18.0.1.1!/jdk.internal.vm.ci" type="simple" />
            <root url="jrt://C:/Users/d1/.jdks/openjdk-18.0.1.1!/jdk.internal.vm.compiler" type="simple" />
            <root url="jrt://C:/Users/d1/.jdks/openjdk-18.0.1.1!/jdk.internal.vm.compiler.management" type="simple" />
            <root url="jrt://C:/Users/d1/.jdks/openjdk-18.0.1.1!/jdk.jartool" type="simple" />
            <root url="jrt://C:/Users/d1/.jdks/openjdk-18.0.1.1!/jdk.javadoc" type="simple" />
            <root url="jrt://C:/Users/d1/.jdks/openjdk-18.0.1.1!/jdk.jcmd" type="simple" />
            <root url="jrt://C:/Users/d1/.jdks/openjdk-18.0.1.1!/jdk.jconsole" type="simple" />
            <root url="jrt://C:/Users/d1/.jdks/openjdk-18.0.1.1!/jdk.jdeps" type="simple" />
            <root url="jrt://C:/Users/d1/.jdks/openjdk-18.0.1.1!/jdk.jdi" type="simple" />
            <root url="jrt://C:/Users/d1/.jdks/openjdk-18.0.1.1!/jdk.jdwp.agent" type="simple" />
            <root url="jrt://C:/Users/d1/.jdks/openjdk-18.0.1.1!/jdk.jfr" type="simple" />
            <root url="jrt://C:/Users/d1/.jdks/openjdk-18.0.1.1!/jdk.jlink" type="simple" />
            <root url="jrt://C:/Users/d1/.jdks/openjdk-18.0.1.1!/jdk.jpackage" type="simple" />
            <root url="jrt://C:/Users/d1/.jdks/openjdk-18.0.1.1!/jdk.jshell" type="simple" />
            <root url="jrt://C:/Users/d1/.jdks/openjdk-18.0.1.1!/jdk.jsobject" type="simple" />
            <root url="jrt://C:/Users/d1/.jdks/openjdk-18.0.1.1!/jdk.jstatd" type="simple" />
            <root url="jrt://C:/Users/d1/.jdks/openjdk-18.0.1.1!/jdk.localedata" type="simple" />
            <root url="jrt://C:/Users/d1/.jdks/openjdk-18.0.1.1!/jdk.management" type="simple" />
            <root url="jrt://C:/Users/d1/.jdks/openjdk-18.0.1.1!/jdk.management.agent" type="simple" />
            <root url="jrt://C:/Users/d1/.jdks/openjdk-18.0.1.1!/jdk.management.jfr" type="simple" />
            <root url="jrt://C:/Users/d1/.jdks/openjdk-18.0.1.1!/jdk.naming.dns" type="simple" />
            <root url="jrt://C:/Users/d1/.jdks/openjdk-18.0.1.1!/jdk.naming.rmi" type="simple" />
            <root url="jrt://C:/Users/d1/.jdks/openjdk-18.0.1.1!/jdk.net" type="simple" />
            <root url="jrt://C:/Users/d1/.jdks/openjdk-18.0.1.1!/jdk.nio.mapmode" type="simple" />
            <root url="jrt://C:/Users/d1/.jdks/openjdk-18.0.1.1!/jdk.random" type="simple" />
            <root url="jrt://C:/Users/d1/.jdks/openjdk-18.0.1.1!/jdk.sctp" type="simple" />
            <root url="jrt://C:/Users/d1/.jdks/openjdk-18.0.1.1!/jdk.security.auth" type="simple" />
            <root url="jrt://C:/Users/d1/.jdks/openjdk-18.0.1.1!/jdk.security.jgss" type="simple" />
            <root url="jrt://C:/Users/d1/.jdks/openjdk-18.0.1.1!/jdk.unsupported" type="simple" />
            <root url="jrt://C:/Users/d1/.jdks/openjdk-18.0.1.1!/jdk.unsupported.desktop" type="simple" />
            <root url="jrt://C:/Users/d1/.jdks/openjdk-18.0.1.1!/jdk.xml.dom" type="simple" />
            <root url="jrt://C:/Users/d1/.jdks/openjdk-18.0.1.1!/jdk.zipfs" type="simple" />
          </root>
        </classPath>
        <javadocPath>
          <root type="composite" />
        </javadocPath>
        <sourcePath>
          <root type="composite">
            <root url="jar://$USER_HOME$/.jdks/openjdk-18.0.1.1/lib/src.zip!/java.se" type="simple" />
            <root url="jar://$USER_HOME$/.jdks/openjdk-18.0.1.1/lib/src.zip!/jdk.jdi" type="simple" />
            <root url="jar://$USER_HOME$/.jdks/openjdk-18.0.1.1/lib/src.zip!/jdk.jfr" type="simple" />
            <root url="jar://$USER_HOME$/.jdks/openjdk-18.0.1.1/lib/src.zip!/jdk.net" type="simple" />
            <root url="jar://$USER_HOME$/.jdks/openjdk-18.0.1.1/lib/src.zip!/java.rmi" type="simple" />
            <root url="jar://$USER_HOME$/.jdks/openjdk-18.0.1.1/lib/src.zip!/java.sql" type="simple" />
            <root url="jar://$USER_HOME$/.jdks/openjdk-18.0.1.1/lib/src.zip!/java.xml" type="simple" />
            <root url="jar://$USER_HOME$/.jdks/openjdk-18.0.1.1/lib/src.zip!/jdk.jcmd" type="simple" />
            <root url="jar://$USER_HOME$/.jdks/openjdk-18.0.1.1/lib/src.zip!/jdk.sctp" type="simple" />
            <root url="jar://$USER_HOME$/.jdks/openjdk-18.0.1.1/lib/src.zip!/java.base" type="simple" />
            <root url="jar://$USER_HOME$/.jdks/openjdk-18.0.1.1/lib/src.zip!/jdk.jdeps" type="simple" />
            <root url="jar://$USER_HOME$/.jdks/openjdk-18.0.1.1/lib/src.zip!/jdk.jlink" type="simple" />
            <root url="jar://$USER_HOME$/.jdks/openjdk-18.0.1.1/lib/src.zip!/jdk.zipfs" type="simple" />
            <root url="jar://$USER_HOME$/.jdks/openjdk-18.0.1.1/lib/src.zip!/java.prefs" type="simple" />
            <root url="jar://$USER_HOME$/.jdks/openjdk-18.0.1.1/lib/src.zip!/jdk.attach" type="simple" />
            <root url="jar://$USER_HOME$/.jdks/openjdk-18.0.1.1/lib/src.zip!/jdk.jshell" type="simple" />
            <root url="jar://$USER_HOME$/.jdks/openjdk-18.0.1.1/lib/src.zip!/jdk.jstatd" type="simple" />
            <root url="jar://$USER_HOME$/.jdks/openjdk-18.0.1.1/lib/src.zip!/jdk.random" type="simple" />
            <root url="jar://$USER_HOME$/.jdks/openjdk-18.0.1.1/lib/src.zip!/java.naming" type="simple" />
            <root url="jar://$USER_HOME$/.jdks/openjdk-18.0.1.1/lib/src.zip!/jdk.editpad" type="simple" />
            <root url="jar://$USER_HOME$/.jdks/openjdk-18.0.1.1/lib/src.zip!/jdk.jartool" type="simple" />
            <root url="jar://$USER_HOME$/.jdks/openjdk-18.0.1.1/lib/src.zip!/jdk.javadoc" type="simple" />
            <root url="jar://$USER_HOME$/.jdks/openjdk-18.0.1.1/lib/src.zip!/jdk.xml.dom" type="simple" />
            <root url="jar://$USER_HOME$/.jdks/openjdk-18.0.1.1/lib/src.zip!/java.desktop" type="simple" />
            <root url="jar://$USER_HOME$/.jdks/openjdk-18.0.1.1/lib/src.zip!/java.logging" type="simple" />
            <root url="jar://$USER_HOME$/.jdks/openjdk-18.0.1.1/lib/src.zip!/jdk.charsets" type="simple" />
            <root url="jar://$USER_HOME$/.jdks/openjdk-18.0.1.1/lib/src.zip!/jdk.compiler" type="simple" />
            <root url="jar://$USER_HOME$/.jdks/openjdk-18.0.1.1/lib/src.zip!/jdk.dynalink" type="simple" />
            <root url="jar://$USER_HOME$/.jdks/openjdk-18.0.1.1/lib/src.zip!/jdk.jconsole" type="simple" />
            <root url="jar://$USER_HOME$/.jdks/openjdk-18.0.1.1/lib/src.zip!/jdk.jpackage" type="simple" />
            <root url="jar://$USER_HOME$/.jdks/openjdk-18.0.1.1/lib/src.zip!/jdk.jsobject" type="simple" />
            <root url="jar://$USER_HOME$/.jdks/openjdk-18.0.1.1/lib/src.zip!/java.compiler" type="simple" />
            <root url="jar://$USER_HOME$/.jdks/openjdk-18.0.1.1/lib/src.zip!/java.net.http" type="simple" />
            <root url="jar://$USER_HOME$/.jdks/openjdk-18.0.1.1/lib/src.zip!/jdk.crypto.ec" type="simple" />
            <root url="jar://$USER_HOME$/.jdks/openjdk-18.0.1.1/lib/src.zip!/java.scripting" type="simple" />
            <root url="jar://$USER_HOME$/.jdks/openjdk-18.0.1.1/lib/src.zip!/jdk.httpserver" type="simple" />
            <root url="jar://$USER_HOME$/.jdks/openjdk-18.0.1.1/lib/src.zip!/jdk.jdwp.agent" type="simple" />
            <root url="jar://$USER_HOME$/.jdks/openjdk-18.0.1.1/lib/src.zip!/jdk.localedata" type="simple" />
            <root url="jar://$USER_HOME$/.jdks/openjdk-18.0.1.1/lib/src.zip!/jdk.management" type="simple" />
            <root url="jar://$USER_HOME$/.jdks/openjdk-18.0.1.1/lib/src.zip!/jdk.naming.dns" type="simple" />
            <root url="jar://$USER_HOME$/.jdks/openjdk-18.0.1.1/lib/src.zip!/jdk.naming.rmi" type="simple" />
            <root url="jar://$USER_HOME$/.jdks/openjdk-18.0.1.1/lib/src.zip!/java.instrument" type="simple" />
            <root url="jar://$USER_HOME$/.jdks/openjdk-18.0.1.1/lib/src.zip!/java.management" type="simple" />
            <root url="jar://$USER_HOME$/.jdks/openjdk-18.0.1.1/lib/src.zip!/java.sql.rowset" type="simple" />
            <root url="jar://$USER_HOME$/.jdks/openjdk-18.0.1.1/lib/src.zip!/java.xml.crypto" type="simple" />
            <root url="jar://$USER_HOME$/.jdks/openjdk-18.0.1.1/lib/src.zip!/jdk.internal.ed" type="simple" />
            <root url="jar://$USER_HOME$/.jdks/openjdk-18.0.1.1/lib/src.zip!/jdk.internal.le" type="simple" />
            <root url="jar://$USER_HOME$/.jdks/openjdk-18.0.1.1/lib/src.zip!/jdk.nio.mapmode" type="simple" />
            <root url="jar://$USER_HOME$/.jdks/openjdk-18.0.1.1/lib/src.zip!/jdk.unsupported" type="simple" />
            <root url="jar://$USER_HOME$/.jdks/openjdk-18.0.1.1/lib/src.zip!/java.smartcardio" type="simple" />
            <root url="jar://$USER_HOME$/.jdks/openjdk-18.0.1.1/lib/src.zip!/jdk.internal.opt" type="simple" />
            <root url="jar://$USER_HOME$/.jdks/openjdk-18.0.1.1/lib/src.zip!/java.datatransfer" type="simple" />
            <root url="jar://$USER_HOME$/.jdks/openjdk-18.0.1.1/lib/src.zip!/jdk.accessibility" type="simple" />
            <root url="jar://$USER_HOME$/.jdks/openjdk-18.0.1.1/lib/src.zip!/jdk.crypto.mscapi" type="simple" />
            <root url="jar://$USER_HOME$/.jdks/openjdk-18.0.1.1/lib/src.zip!/jdk.hotspot.agent" type="simple" />
            <root url="jar://$USER_HOME$/.jdks/openjdk-18.0.1.1/lib/src.zip!/jdk.security.auth" type="simple" />
            <root url="jar://$USER_HOME$/.jdks/openjdk-18.0.1.1/lib/src.zip!/jdk.security.jgss" type="simple" />
            <root url="jar://$USER_HOME$/.jdks/openjdk-18.0.1.1/lib/src.zip!/java.security.jgss" type="simple" />
            <root url="jar://$USER_HOME$/.jdks/openjdk-18.0.1.1/lib/src.zip!/java.security.sasl" type="simple" />
            <root url="jar://$USER_HOME$/.jdks/openjdk-18.0.1.1/lib/src.zip!/jdk.internal.vm.ci" type="simple" />
            <root url="jar://$USER_HOME$/.jdks/openjdk-18.0.1.1/lib/src.zip!/jdk.management.jfr" type="simple" />
            <root url="jar://$USER_HOME$/.jdks/openjdk-18.0.1.1/lib/src.zip!/java.management.rmi" type="simple" />
            <root url="jar://$USER_HOME$/.jdks/openjdk-18.0.1.1/lib/src.zip!/java.transaction.xa" type="simple" />
            <root url="jar://$USER_HOME$/.jdks/openjdk-18.0.1.1/lib/src.zip!/jdk.crypto.cryptoki" type="simple" />
            <root url="jar://$USER_HOME$/.jdks/openjdk-18.0.1.1/lib/src.zip!/jdk.incubator.vector" type="simple" />
            <root url="jar://$USER_HOME$/.jdks/openjdk-18.0.1.1/lib/src.zip!/jdk.internal.jvmstat" type="simple" />
            <root url="jar://$USER_HOME$/.jdks/openjdk-18.0.1.1/lib/src.zip!/jdk.management.agent" type="simple" />
            <root url="jar://$USER_HOME$/.jdks/openjdk-18.0.1.1/lib/src.zip!/jdk.incubator.foreign" type="simple" />
            <root url="jar://$USER_HOME$/.jdks/openjdk-18.0.1.1/lib/src.zip!/jdk.unsupported.desktop" type="simple" />
            <root url="jar://$USER_HOME$/.jdks/openjdk-18.0.1.1/lib/src.zip!/jdk.internal.vm.compiler" type="simple" />
            <root url="jar://$USER_HOME$/.jdks/openjdk-18.0.1.1/lib/src.zip!/jdk.internal.vm.compiler.management" type="simple" />
          </root>
        </sourcePath>
      </roots>
      <additional />
    </jdk>
    <jdk version="2">
      <name value="IntelliJ IDEA Community Edition IC-212.5712.43" />
      <type value="IDEA JDK" />
      <version value="java version &quot;11.0.15&quot;" />
      <homePath value="$APPLICATION_HOME_DIR$" />
      <roots>
        <annotationsPath>
          <root type="composite">
            <root url="jar://$MAVEN_REPOSITORY$/com/jetbrains/intellij/idea/ideaIU/LATEST-EAP-SNAPSHOT/ideaIU-LATEST-EAP-SNAPSHOT-annotations.zip!/" type="simple" />
          </root>
        </annotationsPath>
        <classPath>
          <root type="composite">
            <root url="jar://$APPLICATION_HOME_DIR$/lib/3rd-party.jar!/" type="simple" />
            <root url="jar://$APPLICATION_HOME_DIR$/lib/annotations.jar!/" type="simple" />
            <root url="jar://$APPLICATION_HOME_DIR$/lib/async-profiler-2.1-ea-2.jar!/" type="simple" />
            <root url="jar://$APPLICATION_HOME_DIR$/lib/bootstrap.jar!/" type="simple" />
            <root url="jar://$APPLICATION_HOME_DIR$/lib/byte-buddy-agent-1.10.1.jar!/" type="simple" />
            <root url="jar://$APPLICATION_HOME_DIR$/lib/coverage-common.jar!/" type="simple" />
            <root url="jar://$APPLICATION_HOME_DIR$/lib/dexlib2.jar!/" type="simple" />
            <root url="jar://$APPLICATION_HOME_DIR$/lib/dom-impl.jar!/" type="simple" />
            <root url="jar://$APPLICATION_HOME_DIR$/lib/dom-openapi.jar!/" type="simple" />
            <root url="jar://$APPLICATION_HOME_DIR$/lib/duplicates-analysis.jar!/" type="simple" />
            <root url="jar://$APPLICATION_HOME_DIR$/lib/error_prone_annotations-2.3.1.jar!/" type="simple" />
            <root url="jar://$APPLICATION_HOME_DIR$/lib/external-system-rt.jar!/" type="simple" />
            <root url="jar://$APPLICATION_HOME_DIR$/lib/find-action-model-0.0.3.jar!/" type="simple" />
            <root url="jar://$APPLICATION_HOME_DIR$/lib/forms_rt.jar!/" type="simple" />
            <root url="jar://$APPLICATION_HOME_DIR$/lib/grazie-spellchecker-0.1.9.jar!/" type="simple" />
            <root url="jar://$APPLICATION_HOME_DIR$/lib/groovy-2.5.14.jar!/" type="simple" />
            <root url="jar://$APPLICATION_HOME_DIR$/lib/groovy-json-2.5.14.jar!/" type="simple" />
            <root url="jar://$APPLICATION_HOME_DIR$/lib/groovy-jsr223-2.5.14.jar!/" type="simple" />
            <root url="jar://$APPLICATION_HOME_DIR$/lib/groovy-templates-2.5.14.jar!/" type="simple" />
            <root url="jar://$APPLICATION_HOME_DIR$/lib/groovy-xml-2.5.14.jar!/" type="simple" />
            <root url="jar://$APPLICATION_HOME_DIR$/lib/grpc-netty-shaded-1.34.1.jar!/" type="simple" />
            <root url="jar://$APPLICATION_HOME_DIR$/lib/idea.jar!/" type="simple" />
            <root url="jar://$APPLICATION_HOME_DIR$/lib/idea_rt.jar!/" type="simple" />
            <root url="jar://$APPLICATION_HOME_DIR$/lib/intellij-coverage-agent-1.0.589.jar!/" type="simple" />
            <root url="jar://$APPLICATION_HOME_DIR$/lib/intellij-test-discovery-agent-1.0.589.jar!/" type="simple" />
            <root url="jar://$APPLICATION_HOME_DIR$/lib/isorelax-20030108.jar!/" type="simple" />
            <root url="jar://$APPLICATION_HOME_DIR$/lib/java-string-similarity-2.0.0.jar!/" type="simple" />
            <root url="jar://$APPLICATION_HOME_DIR$/lib/jdkAnnotations.jar!/" type="simple" />
            <root url="jar://$APPLICATION_HOME_DIR$/lib/jing-20030619.jar!/" type="simple" />
            <root url="jar://$APPLICATION_HOME_DIR$/lib/jna-platform.jar!/" type="simple" />
            <root url="jar://$APPLICATION_HOME_DIR$/lib/jna.jar!/" type="simple" />
            <root url="jar://$APPLICATION_HOME_DIR$/lib/jps-model.jar!/" type="simple" />
            <root url="jar://$APPLICATION_HOME_DIR$/lib/jshell-frontend.jar!/" type="simple" />
            <root url="jar://$APPLICATION_HOME_DIR$/lib/jsp-base-openapi.jar!/" type="simple" />
            <root url="jar://$APPLICATION_HOME_DIR$/lib/junit4.jar!/" type="simple" />
            <root url="jar://$APPLICATION_HOME_DIR$/lib/kotlin-gradle-plugin-model-1.4.32.jar!/" type="simple" />
            <root url="jar://$APPLICATION_HOME_DIR$/lib/kotlin-reflect-1.5.10-release-931.jar!/" type="simple" />
            <root url="jar://$APPLICATION_HOME_DIR$/lib/kotlin-stdlib-jdk8.jar!/" type="simple" />
            <root url="jar://$APPLICATION_HOME_DIR$/lib/kotlin-test.jar!/" type="simple" />
            <root url="jar://$APPLICATION_HOME_DIR$/lib/kotlinx-coroutines-debug-1.5.0.jar!/" type="simple" />
            <root url="jar://$APPLICATION_HOME_DIR$/lib/kotlinx-coroutines-jdk8.jar!/" type="simple" />
            <root url="jar://$APPLICATION_HOME_DIR$/lib/kotlinx-serialization-core-jvm-1.1.0.jar!/" type="simple" />
            <root url="jar://$APPLICATION_HOME_DIR$/lib/kotlinx-serialization-json-jvm-1.1.0.jar!/" type="simple" />
            <root url="jar://$APPLICATION_HOME_DIR$/lib/platform-api.jar!/" type="simple" />
            <root url="jar://$APPLICATION_HOME_DIR$/lib/platform-impl.jar!/" type="simple" />
            <root url="jar://$APPLICATION_HOME_DIR$/lib/platform-objectSerializer-annotations.jar!/" type="simple" />
            <root url="jar://$APPLICATION_HOME_DIR$/lib/platform-statistics-devkit.jar!/" type="simple" />
            <root url="jar://$APPLICATION_HOME_DIR$/lib/protobuf-java-3.15.8.jar!/" type="simple" />
            <root url="jar://$APPLICATION_HOME_DIR$/lib/pty4j.jar!/" type="simple" />
            <root url="jar://$APPLICATION_HOME_DIR$/lib/rd-core-0.212.307.jar!/" type="simple" />
            <root url="jar://$APPLICATION_HOME_DIR$/lib/rd-framework-0.212.307.jar!/" type="simple" />
            <root url="jar://$APPLICATION_HOME_DIR$/lib/rd-swing-0.212.307.jar!/" type="simple" />
            <root url="jar://$APPLICATION_HOME_DIR$/lib/rngom-20051226-patched.jar!/" type="simple" />
            <root url="jar://$APPLICATION_HOME_DIR$/lib/slf4j.jar!/" type="simple" />
            <root url="jar://$APPLICATION_HOME_DIR$/lib/sqlite-jdbc-3.34.0.jar!/" type="simple" />
            <root url="jar://$APPLICATION_HOME_DIR$/lib/stats.jar!/" type="simple" />
            <root url="jar://$APPLICATION_HOME_DIR$/lib/structuralsearch.jar!/" type="simple" />
            <root url="jar://$APPLICATION_HOME_DIR$/lib/testFramework-java.jar!/" type="simple" />
            <root url="jar://$APPLICATION_HOME_DIR$/lib/testFramework.core.jar!/" type="simple" />
            <root url="jar://$APPLICATION_HOME_DIR$/lib/testFramework.jar!/" type="simple" />
            <root url="jar://$APPLICATION_HOME_DIR$/lib/tests_bootstrap.jar!/" type="simple" />
            <root url="jar://$APPLICATION_HOME_DIR$/lib/tips-intellij-idea-community-212.23.jar!/" type="simple" />
            <root url="jar://$APPLICATION_HOME_DIR$/lib/trang-core.jar!/" type="simple" />
            <root url="jar://$APPLICATION_HOME_DIR$/lib/uast-tests.jar!/" type="simple" />
            <root url="jar://$APPLICATION_HOME_DIR$/lib/util.jar!/" type="simple" />
            <root url="jar://$APPLICATION_HOME_DIR$/lib/winp-1.28.jar!/" type="simple" />
            <root url="jar://$APPLICATION_HOME_DIR$/lib/xmlbeans-4.0.0.jar!/" type="simple" />
            <root url="jar://$APPLICATION_HOME_DIR$/plugins/java/lib/aether-dependency-resolver.jar!/" type="simple" />
            <root url="jar://$APPLICATION_HOME_DIR$/plugins/java/lib/completion-ranking-java-0.3.4.jar!/" type="simple" />
            <root url="jar://$APPLICATION_HOME_DIR$/plugins/java/lib/debugger-memory-agent-1.0.35.jar!/" type="simple" />
            <root url="jar://$APPLICATION_HOME_DIR$/plugins/java/lib/ecj-4.16.jar!/" type="simple" />
            <root url="jar://$APPLICATION_HOME_DIR$/plugins/java/lib/java-api.jar!/" type="simple" />
            <root url="jar://$APPLICATION_HOME_DIR$/plugins/java/lib/java-impl.jar!/" type="simple" />
            <root url="jar://$APPLICATION_HOME_DIR$/plugins/java/lib/javac2.jar!/" type="simple" />
            <root url="jar://$APPLICATION_HOME_DIR$/plugins/java/lib/jdkAnnotations.jar!/" type="simple" />
            <root url="jar://$APPLICATION_HOME_DIR$/plugins/java/lib/jgoodies-common-1.4.0.jar!/" type="simple" />
            <root url="jar://$APPLICATION_HOME_DIR$/plugins/java/lib/jps-builders-6.jar!/" type="simple" />
            <root url="jar://$APPLICATION_HOME_DIR$/plugins/java/lib/jps-builders.jar!/" type="simple" />
            <root url="jar://$APPLICATION_HOME_DIR$/plugins/java/lib/jps-javac-extension-1.jar!/" type="simple" />
            <root url="jar://$APPLICATION_HOME_DIR$/plugins/java/lib/jps-launcher.jar!/" type="simple" />
            <root url="jar://$APPLICATION_HOME_DIR$/plugins/java/lib/jshell-protocol.jar!/" type="simple" />
            <root url="jar://$APPLICATION_HOME_DIR$/plugins/java/lib/maven-resolver-connector-basic-1.3.3.jar!/" type="simple" />
            <root url="jar://$APPLICATION_HOME_DIR$/plugins/java/lib/maven-resolver-transport-file-1.3.3.jar!/" type="simple" />
            <root url="jar://$APPLICATION_HOME_DIR$/plugins/java/lib/maven-resolver-transport-http-1.3.3.jar!/" type="simple" />
            <root url="jar://$APPLICATION_HOME_DIR$/plugins/java/lib/nekohtml-1.9.22.jar!/" type="simple" />
            <root url="jar://$APPLICATION_HOME_DIR$/plugins/java/lib/platform-impl.jar!/" type="simple" />
            <root url="jar://$APPLICATION_HOME_DIR$/plugins/java/lib/sa-jdwp-1.19.jar!/" type="simple" />
            <root url="jrt://C:/Program Files/Amazon Corretto/jdk11.0.15_9!/java.base" type="simple" />
            <root url="jrt://C:/Program Files/Amazon Corretto/jdk11.0.15_9!/java.compiler" type="simple" />
            <root url="jrt://C:/Program Files/Amazon Corretto/jdk11.0.15_9!/java.datatransfer" type="simple" />
            <root url="jrt://C:/Program Files/Amazon Corretto/jdk11.0.15_9!/java.desktop" type="simple" />
            <root url="jrt://C:/Program Files/Amazon Corretto/jdk11.0.15_9!/java.instrument" type="simple" />
            <root url="jrt://C:/Program Files/Amazon Corretto/jdk11.0.15_9!/java.logging" type="simple" />
            <root url="jrt://C:/Program Files/Amazon Corretto/jdk11.0.15_9!/java.management" type="simple" />
            <root url="jrt://C:/Program Files/Amazon Corretto/jdk11.0.15_9!/java.management.rmi" type="simple" />
            <root url="jrt://C:/Program Files/Amazon Corretto/jdk11.0.15_9!/java.naming" type="simple" />
            <root url="jrt://C:/Program Files/Amazon Corretto/jdk11.0.15_9!/java.net.http" type="simple" />
            <root url="jrt://C:/Program Files/Amazon Corretto/jdk11.0.15_9!/java.prefs" type="simple" />
            <root url="jrt://C:/Program Files/Amazon Corretto/jdk11.0.15_9!/java.rmi" type="simple" />
            <root url="jrt://C:/Program Files/Amazon Corretto/jdk11.0.15_9!/java.scripting" type="simple" />
            <root url="jrt://C:/Program Files/Amazon Corretto/jdk11.0.15_9!/java.se" type="simple" />
            <root url="jrt://C:/Program Files/Amazon Corretto/jdk11.0.15_9!/java.security.jgss" type="simple" />
            <root url="jrt://C:/Program Files/Amazon Corretto/jdk11.0.15_9!/java.security.sasl" type="simple" />
            <root url="jrt://C:/Program Files/Amazon Corretto/jdk11.0.15_9!/java.smartcardio" type="simple" />
            <root url="jrt://C:/Program Files/Amazon Corretto/jdk11.0.15_9!/java.sql" type="simple" />
            <root url="jrt://C:/Program Files/Amazon Corretto/jdk11.0.15_9!/java.sql.rowset" type="simple" />
            <root url="jrt://C:/Program Files/Amazon Corretto/jdk11.0.15_9!/java.transaction.xa" type="simple" />
            <root url="jrt://C:/Program Files/Amazon Corretto/jdk11.0.15_9!/java.xml" type="simple" />
            <root url="jrt://C:/Program Files/Amazon Corretto/jdk11.0.15_9!/java.xml.crypto" type="simple" />
            <root url="jrt://C:/Program Files/Amazon Corretto/jdk11.0.15_9!/jdk.accessibility" type="simple" />
            <root url="jrt://C:/Program Files/Amazon Corretto/jdk11.0.15_9!/jdk.aot" type="simple" />
            <root url="jrt://C:/Program Files/Amazon Corretto/jdk11.0.15_9!/jdk.attach" type="simple" />
            <root url="jrt://C:/Program Files/Amazon Corretto/jdk11.0.15_9!/jdk.charsets" type="simple" />
            <root url="jrt://C:/Program Files/Amazon Corretto/jdk11.0.15_9!/jdk.compiler" type="simple" />
            <root url="jrt://C:/Program Files/Amazon Corretto/jdk11.0.15_9!/jdk.crypto.cryptoki" type="simple" />
            <root url="jrt://C:/Program Files/Amazon Corretto/jdk11.0.15_9!/jdk.crypto.ec" type="simple" />
            <root url="jrt://C:/Program Files/Amazon Corretto/jdk11.0.15_9!/jdk.crypto.mscapi" type="simple" />
            <root url="jrt://C:/Program Files/Amazon Corretto/jdk11.0.15_9!/jdk.dynalink" type="simple" />
            <root url="jrt://C:/Program Files/Amazon Corretto/jdk11.0.15_9!/jdk.editpad" type="simple" />
            <root url="jrt://C:/Program Files/Amazon Corretto/jdk11.0.15_9!/jdk.hotspot.agent" type="simple" />
            <root url="jrt://C:/Program Files/Amazon Corretto/jdk11.0.15_9!/jdk.httpserver" type="simple" />
            <root url="jrt://C:/Program Files/Amazon Corretto/jdk11.0.15_9!/jdk.internal.ed" type="simple" />
            <root url="jrt://C:/Program Files/Amazon Corretto/jdk11.0.15_9!/jdk.internal.jvmstat" type="simple" />
            <root url="jrt://C:/Program Files/Amazon Corretto/jdk11.0.15_9!/jdk.internal.le" type="simple" />
            <root url="jrt://C:/Program Files/Amazon Corretto/jdk11.0.15_9!/jdk.internal.opt" type="simple" />
            <root url="jrt://C:/Program Files/Amazon Corretto/jdk11.0.15_9!/jdk.internal.vm.ci" type="simple" />
            <root url="jrt://C:/Program Files/Amazon Corretto/jdk11.0.15_9!/jdk.internal.vm.compiler" type="simple" />
            <root url="jrt://C:/Program Files/Amazon Corretto/jdk11.0.15_9!/jdk.internal.vm.compiler.management" type="simple" />
            <root url="jrt://C:/Program Files/Amazon Corretto/jdk11.0.15_9!/jdk.jartool" type="simple" />
            <root url="jrt://C:/Program Files/Amazon Corretto/jdk11.0.15_9!/jdk.javadoc" type="simple" />
            <root url="jrt://C:/Program Files/Amazon Corretto/jdk11.0.15_9!/jdk.jcmd" type="simple" />
            <root url="jrt://C:/Program Files/Amazon Corretto/jdk11.0.15_9!/jdk.jconsole" type="simple" />
            <root url="jrt://C:/Program Files/Amazon Corretto/jdk11.0.15_9!/jdk.jdeps" type="simple" />
            <root url="jrt://C:/Program Files/Amazon Corretto/jdk11.0.15_9!/jdk.jdi" type="simple" />
            <root url="jrt://C:/Program Files/Amazon Corretto/jdk11.0.15_9!/jdk.jdwp.agent" type="simple" />
            <root url="jrt://C:/Program Files/Amazon Corretto/jdk11.0.15_9!/jdk.jfr" type="simple" />
            <root url="jrt://C:/Program Files/Amazon Corretto/jdk11.0.15_9!/jdk.jlink" type="simple" />
            <root url="jrt://C:/Program Files/Amazon Corretto/jdk11.0.15_9!/jdk.jshell" type="simple" />
            <root url="jrt://C:/Program Files/Amazon Corretto/jdk11.0.15_9!/jdk.jsobject" type="simple" />
            <root url="jrt://C:/Program Files/Amazon Corretto/jdk11.0.15_9!/jdk.jstatd" type="simple" />
            <root url="jrt://C:/Program Files/Amazon Corretto/jdk11.0.15_9!/jdk.localedata" type="simple" />
            <root url="jrt://C:/Program Files/Amazon Corretto/jdk11.0.15_9!/jdk.management" type="simple" />
            <root url="jrt://C:/Program Files/Amazon Corretto/jdk11.0.15_9!/jdk.management.agent" type="simple" />
            <root url="jrt://C:/Program Files/Amazon Corretto/jdk11.0.15_9!/jdk.management.jfr" type="simple" />
            <root url="jrt://C:/Program Files/Amazon Corretto/jdk11.0.15_9!/jdk.naming.dns" type="simple" />
            <root url="jrt://C:/Program Files/Amazon Corretto/jdk11.0.15_9!/jdk.naming.ldap" type="simple" />
            <root url="jrt://C:/Program Files/Amazon Corretto/jdk11.0.15_9!/jdk.naming.rmi" type="simple" />
            <root url="jrt://C:/Program Files/Amazon Corretto/jdk11.0.15_9!/jdk.net" type="simple" />
            <root url="jrt://C:/Program Files/Amazon Corretto/jdk11.0.15_9!/jdk.pack" type="simple" />
            <root url="jrt://C:/Program Files/Amazon Corretto/jdk11.0.15_9!/jdk.rmic" type="simple" />
            <root url="jrt://C:/Program Files/Amazon Corretto/jdk11.0.15_9!/jdk.scripting.nashorn" type="simple" />
            <root url="jrt://C:/Program Files/Amazon Corretto/jdk11.0.15_9!/jdk.scripting.nashorn.shell" type="simple" />
            <root url="jrt://C:/Program Files/Amazon Corretto/jdk11.0.15_9!/jdk.sctp" type="simple" />
            <root url="jrt://C:/Program Files/Amazon Corretto/jdk11.0.15_9!/jdk.security.auth" type="simple" />
            <root url="jrt://C:/Program Files/Amazon Corretto/jdk11.0.15_9!/jdk.security.jgss" type="simple" />
            <root url="jrt://C:/Program Files/Amazon Corretto/jdk11.0.15_9!/jdk.unsupported" type="simple" />
            <root url="jrt://C:/Program Files/Amazon Corretto/jdk11.0.15_9!/jdk.unsupported.desktop" type="simple" />
            <root url="jrt://C:/Program Files/Amazon Corretto/jdk11.0.15_9!/jdk.xml.dom" type="simple" />
            <root url="jrt://C:/Program Files/Amazon Corretto/jdk11.0.15_9!/jdk.zipfs" type="simple" />
          </root>
        </classPath>
        <javadocPath>
          <root type="composite" />
        </javadocPath>
        <sourcePath>
          <root type="composite">
            <root url="jar://C:/Program Files/Amazon Corretto/jdk11.0.15_9/lib/src.zip!/java.se" type="simple" />
            <root url="jar://C:/Program Files/Amazon Corretto/jdk11.0.15_9/lib/src.zip!/jdk.aot" type="simple" />
            <root url="jar://C:/Program Files/Amazon Corretto/jdk11.0.15_9/lib/src.zip!/jdk.jdi" type="simple" />
            <root url="jar://C:/Program Files/Amazon Corretto/jdk11.0.15_9/lib/src.zip!/jdk.jfr" type="simple" />
            <root url="jar://C:/Program Files/Amazon Corretto/jdk11.0.15_9/lib/src.zip!/jdk.net" type="simple" />
            <root url="jar://C:/Program Files/Amazon Corretto/jdk11.0.15_9/lib/src.zip!/java.rmi" type="simple" />
            <root url="jar://C:/Program Files/Amazon Corretto/jdk11.0.15_9/lib/src.zip!/java.sql" type="simple" />
            <root url="jar://C:/Program Files/Amazon Corretto/jdk11.0.15_9/lib/src.zip!/java.xml" type="simple" />
            <root url="jar://C:/Program Files/Amazon Corretto/jdk11.0.15_9/lib/src.zip!/jdk.jcmd" type="simple" />
            <root url="jar://C:/Program Files/Amazon Corretto/jdk11.0.15_9/lib/src.zip!/jdk.pack" type="simple" />
            <root url="jar://C:/Program Files/Amazon Corretto/jdk11.0.15_9/lib/src.zip!/jdk.rmic" type="simple" />
            <root url="jar://C:/Program Files/Amazon Corretto/jdk11.0.15_9/lib/src.zip!/jdk.sctp" type="simple" />
            <root url="jar://C:/Program Files/Amazon Corretto/jdk11.0.15_9/lib/src.zip!/java.base" type="simple" />
            <root url="jar://C:/Program Files/Amazon Corretto/jdk11.0.15_9/lib/src.zip!/jdk.jdeps" type="simple" />
            <root url="jar://C:/Program Files/Amazon Corretto/jdk11.0.15_9/lib/src.zip!/jdk.jlink" type="simple" />
            <root url="jar://C:/Program Files/Amazon Corretto/jdk11.0.15_9/lib/src.zip!/jdk.zipfs" type="simple" />
            <root url="jar://C:/Program Files/Amazon Corretto/jdk11.0.15_9/lib/src.zip!/java.prefs" type="simple" />
            <root url="jar://C:/Program Files/Amazon Corretto/jdk11.0.15_9/lib/src.zip!/jdk.attach" type="simple" />
            <root url="jar://C:/Program Files/Amazon Corretto/jdk11.0.15_9/lib/src.zip!/jdk.jshell" type="simple" />
            <root url="jar://C:/Program Files/Amazon Corretto/jdk11.0.15_9/lib/src.zip!/jdk.jstatd" type="simple" />
            <root url="jar://C:/Program Files/Amazon Corretto/jdk11.0.15_9/lib/src.zip!/java.naming" type="simple" />
            <root url="jar://C:/Program Files/Amazon Corretto/jdk11.0.15_9/lib/src.zip!/jdk.editpad" type="simple" />
            <root url="jar://C:/Program Files/Amazon Corretto/jdk11.0.15_9/lib/src.zip!/jdk.jartool" type="simple" />
            <root url="jar://C:/Program Files/Amazon Corretto/jdk11.0.15_9/lib/src.zip!/jdk.javadoc" type="simple" />
            <root url="jar://C:/Program Files/Amazon Corretto/jdk11.0.15_9/lib/src.zip!/jdk.xml.dom" type="simple" />
            <root url="jar://C:/Program Files/Amazon Corretto/jdk11.0.15_9/lib/src.zip!/java.desktop" type="simple" />
            <root url="jar://C:/Program Files/Amazon Corretto/jdk11.0.15_9/lib/src.zip!/java.logging" type="simple" />
            <root url="jar://C:/Program Files/Amazon Corretto/jdk11.0.15_9/lib/src.zip!/jdk.charsets" type="simple" />
            <root url="jar://C:/Program Files/Amazon Corretto/jdk11.0.15_9/lib/src.zip!/jdk.compiler" type="simple" />
            <root url="jar://C:/Program Files/Amazon Corretto/jdk11.0.15_9/lib/src.zip!/jdk.dynalink" type="simple" />
            <root url="jar://C:/Program Files/Amazon Corretto/jdk11.0.15_9/lib/src.zip!/jdk.jconsole" type="simple" />
            <root url="jar://C:/Program Files/Amazon Corretto/jdk11.0.15_9/lib/src.zip!/jdk.jsobject" type="simple" />
            <root url="jar://C:/Program Files/Amazon Corretto/jdk11.0.15_9/lib/src.zip!/java.compiler" type="simple" />
            <root url="jar://C:/Program Files/Amazon Corretto/jdk11.0.15_9/lib/src.zip!/java.net.http" type="simple" />
            <root url="jar://C:/Program Files/Amazon Corretto/jdk11.0.15_9/lib/src.zip!/jdk.crypto.ec" type="simple" />
            <root url="jar://C:/Program Files/Amazon Corretto/jdk11.0.15_9/lib/src.zip!/java.scripting" type="simple" />
            <root url="jar://C:/Program Files/Amazon Corretto/jdk11.0.15_9/lib/src.zip!/jdk.httpserver" type="simple" />
            <root url="jar://C:/Program Files/Amazon Corretto/jdk11.0.15_9/lib/src.zip!/jdk.jdwp.agent" type="simple" />
            <root url="jar://C:/Program Files/Amazon Corretto/jdk11.0.15_9/lib/src.zip!/jdk.localedata" type="simple" />
            <root url="jar://C:/Program Files/Amazon Corretto/jdk11.0.15_9/lib/src.zip!/jdk.management" type="simple" />
            <root url="jar://C:/Program Files/Amazon Corretto/jdk11.0.15_9/lib/src.zip!/jdk.naming.dns" type="simple" />
            <root url="jar://C:/Program Files/Amazon Corretto/jdk11.0.15_9/lib/src.zip!/jdk.naming.rmi" type="simple" />
            <root url="jar://C:/Program Files/Amazon Corretto/jdk11.0.15_9/lib/src.zip!/java.instrument" type="simple" />
            <root url="jar://C:/Program Files/Amazon Corretto/jdk11.0.15_9/lib/src.zip!/java.management" type="simple" />
            <root url="jar://C:/Program Files/Amazon Corretto/jdk11.0.15_9/lib/src.zip!/java.sql.rowset" type="simple" />
            <root url="jar://C:/Program Files/Amazon Corretto/jdk11.0.15_9/lib/src.zip!/java.xml.crypto" type="simple" />
            <root url="jar://C:/Program Files/Amazon Corretto/jdk11.0.15_9/lib/src.zip!/jdk.internal.ed" type="simple" />
            <root url="jar://C:/Program Files/Amazon Corretto/jdk11.0.15_9/lib/src.zip!/jdk.internal.le" type="simple" />
            <root url="jar://C:/Program Files/Amazon Corretto/jdk11.0.15_9/lib/src.zip!/jdk.naming.ldap" type="simple" />
            <root url="jar://C:/Program Files/Amazon Corretto/jdk11.0.15_9/lib/src.zip!/jdk.unsupported" type="simple" />
            <root url="jar://C:/Program Files/Amazon Corretto/jdk11.0.15_9/lib/src.zip!/java.smartcardio" type="simple" />
            <root url="jar://C:/Program Files/Amazon Corretto/jdk11.0.15_9/lib/src.zip!/jdk.internal.opt" type="simple" />
            <root url="jar://C:/Program Files/Amazon Corretto/jdk11.0.15_9/lib/src.zip!/java.datatransfer" type="simple" />
            <root url="jar://C:/Program Files/Amazon Corretto/jdk11.0.15_9/lib/src.zip!/jdk.accessibility" type="simple" />
            <root url="jar://C:/Program Files/Amazon Corretto/jdk11.0.15_9/lib/src.zip!/jdk.crypto.mscapi" type="simple" />
            <root url="jar://C:/Program Files/Amazon Corretto/jdk11.0.15_9/lib/src.zip!/jdk.hotspot.agent" type="simple" />
            <root url="jar://C:/Program Files/Amazon Corretto/jdk11.0.15_9/lib/src.zip!/jdk.security.auth" type="simple" />
            <root url="jar://C:/Program Files/Amazon Corretto/jdk11.0.15_9/lib/src.zip!/jdk.security.jgss" type="simple" />
            <root url="jar://C:/Program Files/Amazon Corretto/jdk11.0.15_9/lib/src.zip!/java.security.jgss" type="simple" />
            <root url="jar://C:/Program Files/Amazon Corretto/jdk11.0.15_9/lib/src.zip!/java.security.sasl" type="simple" />
            <root url="jar://C:/Program Files/Amazon Corretto/jdk11.0.15_9/lib/src.zip!/jdk.internal.vm.ci" type="simple" />
            <root url="jar://C:/Program Files/Amazon Corretto/jdk11.0.15_9/lib/src.zip!/jdk.management.jfr" type="simple" />
            <root url="jar://C:/Program Files/Amazon Corretto/jdk11.0.15_9/lib/src.zip!/java.management.rmi" type="simple" />
            <root url="jar://C:/Program Files/Amazon Corretto/jdk11.0.15_9/lib/src.zip!/java.transaction.xa" type="simple" />
            <root url="jar://C:/Program Files/Amazon Corretto/jdk11.0.15_9/lib/src.zip!/jdk.crypto.cryptoki" type="simple" />
            <root url="jar://C:/Program Files/Amazon Corretto/jdk11.0.15_9/lib/src.zip!/jdk.internal.jvmstat" type="simple" />
            <root url="jar://C:/Program Files/Amazon Corretto/jdk11.0.15_9/lib/src.zip!/jdk.management.agent" type="simple" />
            <root url="jar://C:/Program Files/Amazon Corretto/jdk11.0.15_9/lib/src.zip!/jdk.scripting.nashorn" type="simple" />
            <root url="jar://C:/Program Files/Amazon Corretto/jdk11.0.15_9/lib/src.zip!/jdk.unsupported.desktop" type="simple" />
            <root url="jar://C:/Program Files/Amazon Corretto/jdk11.0.15_9/lib/src.zip!/jdk.internal.vm.compiler" type="simple" />
            <root url="jar://C:/Program Files/Amazon Corretto/jdk11.0.15_9/lib/src.zip!/jdk.scripting.nashorn.shell" type="simple" />
            <root url="jar://C:/Program Files/Amazon Corretto/jdk11.0.15_9/lib/src.zip!/jdk.internal.vm.compiler.management" type="simple" />
          </root>
        </sourcePath>
      </roots>
      <additional sdk="11">
        <option name="mySandboxHome" value="C:\Users\d1\AppData\Local\JetBrains\IdeaIC2021.2\plugins-sandbox" />
      </additional>
    </jdk>
    <jdk version="2">
      <name value="Kotlin SDK" />
      <type value="KotlinSDK" />
      <version value="1.7.10-release-333" />
      <homePath value="C:\Users\d1\AppData\Roaming\JetBrains\IdeaIC2021.2\plugins\Kotlin\kotlinc" />
      <roots>
        <annotationsPath>
          <root type="composite" />
        </annotationsPath>
        <classPath>
          <root type="composite" />
        </classPath>
        <javadocPath>
          <root type="composite" />
        </javadocPath>
        <sourcePath>
          <root type="composite" />
        </sourcePath>
      </roots>
      <additional />
    </jdk>
    <jdk version="2">
      <name value="azul-13" />
      <type value="JavaSDK" />
      <version value="Azul Zulu Community™ version 13.0.12" />
      <homePath value="$USER_HOME$/.jdks/azul-13.0.12" />
      <roots>
        <annotationsPath>
          <root type="composite">
            <root url="jar://$APPLICATION_HOME_DIR$/plugins/java/lib/jdkAnnotations.jar!/" type="simple" />
          </root>
        </annotationsPath>
        <classPath>
          <root type="composite">
            <root url="jrt://C:/Users/d1/.jdks/azul-13.0.12!/java.base" type="simple" />
            <root url="jrt://C:/Users/d1/.jdks/azul-13.0.12!/java.compiler" type="simple" />
            <root url="jrt://C:/Users/d1/.jdks/azul-13.0.12!/java.datatransfer" type="simple" />
            <root url="jrt://C:/Users/d1/.jdks/azul-13.0.12!/java.desktop" type="simple" />
            <root url="jrt://C:/Users/d1/.jdks/azul-13.0.12!/java.instrument" type="simple" />
            <root url="jrt://C:/Users/d1/.jdks/azul-13.0.12!/java.logging" type="simple" />
            <root url="jrt://C:/Users/d1/.jdks/azul-13.0.12!/java.management" type="simple" />
            <root url="jrt://C:/Users/d1/.jdks/azul-13.0.12!/java.management.rmi" type="simple" />
            <root url="jrt://C:/Users/d1/.jdks/azul-13.0.12!/java.naming" type="simple" />
            <root url="jrt://C:/Users/d1/.jdks/azul-13.0.12!/java.net.http" type="simple" />
            <root url="jrt://C:/Users/d1/.jdks/azul-13.0.12!/java.prefs" type="simple" />
            <root url="jrt://C:/Users/d1/.jdks/azul-13.0.12!/java.rmi" type="simple" />
            <root url="jrt://C:/Users/d1/.jdks/azul-13.0.12!/java.scripting" type="simple" />
            <root url="jrt://C:/Users/d1/.jdks/azul-13.0.12!/java.se" type="simple" />
            <root url="jrt://C:/Users/d1/.jdks/azul-13.0.12!/java.security.jgss" type="simple" />
            <root url="jrt://C:/Users/d1/.jdks/azul-13.0.12!/java.security.sasl" type="simple" />
            <root url="jrt://C:/Users/d1/.jdks/azul-13.0.12!/java.smartcardio" type="simple" />
            <root url="jrt://C:/Users/d1/.jdks/azul-13.0.12!/java.sql" type="simple" />
            <root url="jrt://C:/Users/d1/.jdks/azul-13.0.12!/java.sql.rowset" type="simple" />
            <root url="jrt://C:/Users/d1/.jdks/azul-13.0.12!/java.transaction.xa" type="simple" />
            <root url="jrt://C:/Users/d1/.jdks/azul-13.0.12!/java.xml" type="simple" />
            <root url="jrt://C:/Users/d1/.jdks/azul-13.0.12!/java.xml.crypto" type="simple" />
            <root url="jrt://C:/Users/d1/.jdks/azul-13.0.12!/jdk.accessibility" type="simple" />
            <root url="jrt://C:/Users/d1/.jdks/azul-13.0.12!/jdk.aot" type="simple" />
            <root url="jrt://C:/Users/d1/.jdks/azul-13.0.12!/jdk.attach" type="simple" />
            <root url="jrt://C:/Users/d1/.jdks/azul-13.0.12!/jdk.charsets" type="simple" />
            <root url="jrt://C:/Users/d1/.jdks/azul-13.0.12!/jdk.compiler" type="simple" />
            <root url="jrt://C:/Users/d1/.jdks/azul-13.0.12!/jdk.crypto.cryptoki" type="simple" />
            <root url="jrt://C:/Users/d1/.jdks/azul-13.0.12!/jdk.crypto.ec" type="simple" />
            <root url="jrt://C:/Users/d1/.jdks/azul-13.0.12!/jdk.crypto.mscapi" type="simple" />
            <root url="jrt://C:/Users/d1/.jdks/azul-13.0.12!/jdk.dynalink" type="simple" />
            <root url="jrt://C:/Users/d1/.jdks/azul-13.0.12!/jdk.editpad" type="simple" />
            <root url="jrt://C:/Users/d1/.jdks/azul-13.0.12!/jdk.hotspot.agent" type="simple" />
            <root url="jrt://C:/Users/d1/.jdks/azul-13.0.12!/jdk.httpserver" type="simple" />
            <root url="jrt://C:/Users/d1/.jdks/azul-13.0.12!/jdk.internal.ed" type="simple" />
            <root url="jrt://C:/Users/d1/.jdks/azul-13.0.12!/jdk.internal.jvmstat" type="simple" />
            <root url="jrt://C:/Users/d1/.jdks/azul-13.0.12!/jdk.internal.le" type="simple" />
            <root url="jrt://C:/Users/d1/.jdks/azul-13.0.12!/jdk.internal.opt" type="simple" />
            <root url="jrt://C:/Users/d1/.jdks/azul-13.0.12!/jdk.internal.vm.ci" type="simple" />
            <root url="jrt://C:/Users/d1/.jdks/azul-13.0.12!/jdk.internal.vm.compiler" type="simple" />
            <root url="jrt://C:/Users/d1/.jdks/azul-13.0.12!/jdk.internal.vm.compiler.management" type="simple" />
            <root url="jrt://C:/Users/d1/.jdks/azul-13.0.12!/jdk.jartool" type="simple" />
            <root url="jrt://C:/Users/d1/.jdks/azul-13.0.12!/jdk.javadoc" type="simple" />
            <root url="jrt://C:/Users/d1/.jdks/azul-13.0.12!/jdk.jcmd" type="simple" />
            <root url="jrt://C:/Users/d1/.jdks/azul-13.0.12!/jdk.jconsole" type="simple" />
            <root url="jrt://C:/Users/d1/.jdks/azul-13.0.12!/jdk.jdeps" type="simple" />
            <root url="jrt://C:/Users/d1/.jdks/azul-13.0.12!/jdk.jdi" type="simple" />
            <root url="jrt://C:/Users/d1/.jdks/azul-13.0.12!/jdk.jdwp.agent" type="simple" />
            <root url="jrt://C:/Users/d1/.jdks/azul-13.0.12!/jdk.jfr" type="simple" />
            <root url="jrt://C:/Users/d1/.jdks/azul-13.0.12!/jdk.jlink" type="simple" />
            <root url="jrt://C:/Users/d1/.jdks/azul-13.0.12!/jdk.jshell" type="simple" />
            <root url="jrt://C:/Users/d1/.jdks/azul-13.0.12!/jdk.jsobject" type="simple" />
            <root url="jrt://C:/Users/d1/.jdks/azul-13.0.12!/jdk.jstatd" type="simple" />
            <root url="jrt://C:/Users/d1/.jdks/azul-13.0.12!/jdk.localedata" type="simple" />
            <root url="jrt://C:/Users/d1/.jdks/azul-13.0.12!/jdk.management" type="simple" />
            <root url="jrt://C:/Users/d1/.jdks/azul-13.0.12!/jdk.management.agent" type="simple" />
            <root url="jrt://C:/Users/d1/.jdks/azul-13.0.12!/jdk.management.jfr" type="simple" />
            <root url="jrt://C:/Users/d1/.jdks/azul-13.0.12!/jdk.naming.dns" type="simple" />
            <root url="jrt://C:/Users/d1/.jdks/azul-13.0.12!/jdk.naming.rmi" type="simple" />
            <root url="jrt://C:/Users/d1/.jdks/azul-13.0.12!/jdk.net" type="simple" />
            <root url="jrt://C:/Users/d1/.jdks/azul-13.0.12!/jdk.pack" type="simple" />
            <root url="jrt://C:/Users/d1/.jdks/azul-13.0.12!/jdk.rmic" type="simple" />
            <root url="jrt://C:/Users/d1/.jdks/azul-13.0.12!/jdk.scripting.nashorn" type="simple" />
            <root url="jrt://C:/Users/d1/.jdks/azul-13.0.12!/jdk.scripting.nashorn.shell" type="simple" />
            <root url="jrt://C:/Users/d1/.jdks/azul-13.0.12!/jdk.sctp" type="simple" />
            <root url="jrt://C:/Users/d1/.jdks/azul-13.0.12!/jdk.security.auth" type="simple" />
            <root url="jrt://C:/Users/d1/.jdks/azul-13.0.12!/jdk.security.jgss" type="simple" />
            <root url="jrt://C:/Users/d1/.jdks/azul-13.0.12!/jdk.unsupported" type="simple" />
            <root url="jrt://C:/Users/d1/.jdks/azul-13.0.12!/jdk.unsupported.desktop" type="simple" />
            <root url="jrt://C:/Users/d1/.jdks/azul-13.0.12!/jdk.xml.dom" type="simple" />
            <root url="jrt://C:/Users/d1/.jdks/azul-13.0.12!/jdk.zipfs" type="simple" />
          </root>
        </classPath>
        <javadocPath>
          <root type="composite" />
        </javadocPath>
        <sourcePath>
          <root type="composite">
            <root url="jar://$USER_HOME$/.jdks/azul-13.0.12/lib/src.zip!/java.se" type="simple" />
            <root url="jar://$USER_HOME$/.jdks/azul-13.0.12/lib/src.zip!/jdk.aot" type="simple" />
            <root url="jar://$USER_HOME$/.jdks/azul-13.0.12/lib/src.zip!/jdk.jdi" type="simple" />
            <root url="jar://$USER_HOME$/.jdks/azul-13.0.12/lib/src.zip!/jdk.jfr" type="simple" />
            <root url="jar://$USER_HOME$/.jdks/azul-13.0.12/lib/src.zip!/jdk.net" type="simple" />
            <root url="jar://$USER_HOME$/.jdks/azul-13.0.12/lib/src.zip!/java.rmi" type="simple" />
            <root url="jar://$USER_HOME$/.jdks/azul-13.0.12/lib/src.zip!/java.sql" type="simple" />
            <root url="jar://$USER_HOME$/.jdks/azul-13.0.12/lib/src.zip!/java.xml" type="simple" />
            <root url="jar://$USER_HOME$/.jdks/azul-13.0.12/lib/src.zip!/jdk.jcmd" type="simple" />
            <root url="jar://$USER_HOME$/.jdks/azul-13.0.12/lib/src.zip!/jdk.pack" type="simple" />
            <root url="jar://$USER_HOME$/.jdks/azul-13.0.12/lib/src.zip!/jdk.rmic" type="simple" />
            <root url="jar://$USER_HOME$/.jdks/azul-13.0.12/lib/src.zip!/jdk.sctp" type="simple" />
            <root url="jar://$USER_HOME$/.jdks/azul-13.0.12/lib/src.zip!/java.base" type="simple" />
            <root url="jar://$USER_HOME$/.jdks/azul-13.0.12/lib/src.zip!/jdk.jdeps" type="simple" />
            <root url="jar://$USER_HOME$/.jdks/azul-13.0.12/lib/src.zip!/jdk.jlink" type="simple" />
            <root url="jar://$USER_HOME$/.jdks/azul-13.0.12/lib/src.zip!/jdk.zipfs" type="simple" />
            <root url="jar://$USER_HOME$/.jdks/azul-13.0.12/lib/src.zip!/java.prefs" type="simple" />
            <root url="jar://$USER_HOME$/.jdks/azul-13.0.12/lib/src.zip!/jdk.attach" type="simple" />
            <root url="jar://$USER_HOME$/.jdks/azul-13.0.12/lib/src.zip!/jdk.jshell" type="simple" />
            <root url="jar://$USER_HOME$/.jdks/azul-13.0.12/lib/src.zip!/jdk.jstatd" type="simple" />
            <root url="jar://$USER_HOME$/.jdks/azul-13.0.12/lib/src.zip!/java.naming" type="simple" />
            <root url="jar://$USER_HOME$/.jdks/azul-13.0.12/lib/src.zip!/jdk.editpad" type="simple" />
            <root url="jar://$USER_HOME$/.jdks/azul-13.0.12/lib/src.zip!/jdk.jartool" type="simple" />
            <root url="jar://$USER_HOME$/.jdks/azul-13.0.12/lib/src.zip!/jdk.javadoc" type="simple" />
            <root url="jar://$USER_HOME$/.jdks/azul-13.0.12/lib/src.zip!/jdk.xml.dom" type="simple" />
            <root url="jar://$USER_HOME$/.jdks/azul-13.0.12/lib/src.zip!/java.desktop" type="simple" />
            <root url="jar://$USER_HOME$/.jdks/azul-13.0.12/lib/src.zip!/java.logging" type="simple" />
            <root url="jar://$USER_HOME$/.jdks/azul-13.0.12/lib/src.zip!/jdk.charsets" type="simple" />
            <root url="jar://$USER_HOME$/.jdks/azul-13.0.12/lib/src.zip!/jdk.compiler" type="simple" />
            <root url="jar://$USER_HOME$/.jdks/azul-13.0.12/lib/src.zip!/jdk.dynalink" type="simple" />
            <root url="jar://$USER_HOME$/.jdks/azul-13.0.12/lib/src.zip!/jdk.jconsole" type="simple" />
            <root url="jar://$USER_HOME$/.jdks/azul-13.0.12/lib/src.zip!/jdk.jsobject" type="simple" />
            <root url="jar://$USER_HOME$/.jdks/azul-13.0.12/lib/src.zip!/java.compiler" type="simple" />
            <root url="jar://$USER_HOME$/.jdks/azul-13.0.12/lib/src.zip!/java.net.http" type="simple" />
            <root url="jar://$USER_HOME$/.jdks/azul-13.0.12/lib/src.zip!/jdk.crypto.ec" type="simple" />
            <root url="jar://$USER_HOME$/.jdks/azul-13.0.12/lib/src.zip!/java.scripting" type="simple" />
            <root url="jar://$USER_HOME$/.jdks/azul-13.0.12/lib/src.zip!/jdk.httpserver" type="simple" />
            <root url="jar://$USER_HOME$/.jdks/azul-13.0.12/lib/src.zip!/jdk.jdwp.agent" type="simple" />
            <root url="jar://$USER_HOME$/.jdks/azul-13.0.12/lib/src.zip!/jdk.localedata" type="simple" />
            <root url="jar://$USER_HOME$/.jdks/azul-13.0.12/lib/src.zip!/jdk.management" type="simple" />
            <root url="jar://$USER_HOME$/.jdks/azul-13.0.12/lib/src.zip!/jdk.naming.dns" type="simple" />
            <root url="jar://$USER_HOME$/.jdks/azul-13.0.12/lib/src.zip!/jdk.naming.rmi" type="simple" />
            <root url="jar://$USER_HOME$/.jdks/azul-13.0.12/lib/src.zip!/java.instrument" type="simple" />
            <root url="jar://$USER_HOME$/.jdks/azul-13.0.12/lib/src.zip!/java.management" type="simple" />
            <root url="jar://$USER_HOME$/.jdks/azul-13.0.12/lib/src.zip!/java.sql.rowset" type="simple" />
            <root url="jar://$USER_HOME$/.jdks/azul-13.0.12/lib/src.zip!/java.xml.crypto" type="simple" />
            <root url="jar://$USER_HOME$/.jdks/azul-13.0.12/lib/src.zip!/jdk.internal.ed" type="simple" />
            <root url="jar://$USER_HOME$/.jdks/azul-13.0.12/lib/src.zip!/jdk.internal.le" type="simple" />
            <root url="jar://$USER_HOME$/.jdks/azul-13.0.12/lib/src.zip!/jdk.unsupported" type="simple" />
            <root url="jar://$USER_HOME$/.jdks/azul-13.0.12/lib/src.zip!/java.smartcardio" type="simple" />
            <root url="jar://$USER_HOME$/.jdks/azul-13.0.12/lib/src.zip!/jdk.internal.opt" type="simple" />
            <root url="jar://$USER_HOME$/.jdks/azul-13.0.12/lib/src.zip!/java.datatransfer" type="simple" />
            <root url="jar://$USER_HOME$/.jdks/azul-13.0.12/lib/src.zip!/jdk.accessibility" type="simple" />
            <root url="jar://$USER_HOME$/.jdks/azul-13.0.12/lib/src.zip!/jdk.crypto.mscapi" type="simple" />
            <root url="jar://$USER_HOME$/.jdks/azul-13.0.12/lib/src.zip!/jdk.hotspot.agent" type="simple" />
            <root url="jar://$USER_HOME$/.jdks/azul-13.0.12/lib/src.zip!/jdk.security.auth" type="simple" />
            <root url="jar://$USER_HOME$/.jdks/azul-13.0.12/lib/src.zip!/jdk.security.jgss" type="simple" />
            <root url="jar://$USER_HOME$/.jdks/azul-13.0.12/lib/src.zip!/java.security.jgss" type="simple" />
            <root url="jar://$USER_HOME$/.jdks/azul-13.0.12/lib/src.zip!/java.security.sasl" type="simple" />
            <root url="jar://$USER_HOME$/.jdks/azul-13.0.12/lib/src.zip!/jdk.internal.vm.ci" type="simple" />
            <root url="jar://$USER_HOME$/.jdks/azul-13.0.12/lib/src.zip!/jdk.management.jfr" type="simple" />
            <root url="jar://$USER_HOME$/.jdks/azul-13.0.12/lib/src.zip!/java.management.rmi" type="simple" />
            <root url="jar://$USER_HOME$/.jdks/azul-13.0.12/lib/src.zip!/java.transaction.xa" type="simple" />
            <root url="jar://$USER_HOME$/.jdks/azul-13.0.12/lib/src.zip!/jdk.crypto.cryptoki" type="simple" />
            <root url="jar://$USER_HOME$/.jdks/azul-13.0.12/lib/src.zip!/jdk.internal.jvmstat" type="simple" />
            <root url="jar://$USER_HOME$/.jdks/azul-13.0.12/lib/src.zip!/jdk.management.agent" type="simple" />
            <root url="jar://$USER_HOME$/.jdks/azul-13.0.12/lib/src.zip!/jdk.scripting.nashorn" type="simple" />
            <root url="jar://$USER_HOME$/.jdks/azul-13.0.12/lib/src.zip!/jdk.unsupported.desktop" type="simple" />
            <root url="jar://$USER_HOME$/.jdks/azul-13.0.12/lib/src.zip!/jdk.internal.vm.compiler" type="simple" />
            <root url="jar://$USER_HOME$/.jdks/azul-13.0.12/lib/src.zip!/jdk.scripting.nashorn.shell" type="simple" />
            <root url="jar://$USER_HOME$/.jdks/azul-13.0.12/lib/src.zip!/jdk.internal.vm.compiler.management" type="simple" />
          </root>
        </sourcePath>
      </roots>
      <additional />
    </jdk>
  </component>
</application>