<application>
  <component name="GitRememberedInputs">
    <option name="visitedUrls">
      <list>
        <UrlAndUserName>
          <option name="url" value="https://github.com/dba-presents/dating-platform-for-dogs" />
          <option name="userName" value="" />
        </UrlAndUserName>
        <UrlAndUserName>
          <option name="url" value="https://github.com/outofdevops/db-migrations" />
          <option name="userName" value="" />
        </UrlAndUserName>
        <UrlAndUserName>
          <option name="url" value="https://github.com/liquibase/liquibase-groovy-dsl" />
          <option name="userName" value="" />
        </UrlAndUserName>
        <UrlAndUserName>
          <option name="url" value="https://github.com/ExpediaGroup/graphql-kotlin/tree/master/examples/client" />
          <option name="userName" value="" />
        </UrlAndUserName>
        <UrlAndUserName>
          <option name="url" value="https://github.com/ExpediaGroup/graphql-kotlin" />
          <option name="userName" value="" />
        </UrlAndUserName>
      </list>
    </option>
    <option name="cloneParentDir" value="C:\Users\d1\Kotlin-ktor" />
  </component>
  <component name="Vcs.Log.App.Settings">
    <option name="COLUMN_ID_ORDER">
      <list>
        <option value="Default.Root" />
        <option value="Default.Subject" />
        <option value="Default.Author" />
        <option value="Default.Date" />
        <option value="Space.CommitStatus" />
      </list>
    </option>
  </component>
  <component name="VcsApplicationSettings">
    <option name="COMMIT_FROM_LOCAL_CHANGES" value="true" />
  </component>
</application>