<application>
  <component name="FileTypeManager" version="18">
    <extensionMap>
      <mapping pattern="Jasonformat,json" type="JSON" />
      <mapping ext="space.kts" type="Kotlin" />
      <mapping ext="gradle.kts" type="Kotlin" />
      <mapping ext="main.kts" type="Kotlin" />
      <mapping ext="changelog" type="YAML" />
      <mapping ext="locationspattern" type="ktor locations pattern" />
      <removed_mapping ext="apk" approved="true" type="ARCHIVE" />
      <removed_mapping ext="psd" approved="true" type="Image" />
    </extensionMap>
  </component>
</application>